epoch,train_loss,train_top1_accuracy,train_top5_accuracy,val_loss,val_top1_accuracy,val_top5_accuracy,test_loss,test_top1_accuracy,test_top5_accuracy
1,4.235578957067649,6.584879941281329,19.81755268952501,4.153082585334776,8.333333333333337,27.248677248677243,4.1246365784464665,9.251916468411315,30.029077451757868
2,3.5503727178661526,15.403166614239282,40.00209709552271,3.461704604249251,15.873015873015872,40.34391534391535,3.4536530167242447,15.754692043351836,41.924398625429546
3,3.130960423808486,22.20824158540422,52.61612666456957,3.2272602645974406,21.42857142857143,49.47089947089947,3.1566682850851437,21.781654771345494,51.09701295268305
4,2.816876136647086,28.719723183391,60.37538009856349,3.1758468594990266,23.412698412698408,55.820105820105816,3.176562879329309,23.367697594501713,55.379328575204866
